"Country Code","Country","M49 Code","ISO2 Code","ISO3 Code","Start Year","End Year"
"13","Bahrain","048","BH","BHR","",""
"18","Bhutan","064","BT","BTN","",""
"145","Micronesia (Federated States of)","583","FM","FSM","1991",""
"148","Nauru","520","NR","NRU","",""
"179","Qatar","634","QA","QAT","",""
"277","South Sudan","728","SS","SSD","2012",""
"2","Afghanistan","004","AF","AFG","",""
"3","Albania","008","AL","ALB","",""
"4","Algeria","012","DZ","DZA","",""
"7","Angola","024","AO","AGO","",""
"8","Antigua and Barbuda","028","AG","ATG","",""
"9","Argentina","032","AR","ARG","",""
"1","Armenia","051","AM","ARM","1992",""
"10","Australia","036","AU","AUS","",""
"11","Austria","040","AT","AUT","",""
"52","Azerbaijan","031","AZ","AZE","1992",""
"12","Bahamas","044","BS","BHS","",""
"16","Bangladesh","050","BD","BGD","",""
"14","Barbados","052","BB","BRB","",""
"57","Belarus","112","BY","BLR","1992",""
"255","Belgium","056","BE","BEL","2000",""
"15","Belgium-Luxembourg","058","F15","F15","","1999"
"23","Belize","084","BZ","BLZ","",""
"53","Benin","204","BJ","BEN","",""
"19","Bolivia (Plurinational State of)","068","BO","BOL","",""
"80","Bosnia and Herzegovina","070","BA","BIH","1992",""
"20","Botswana","072","BW","BWA","",""
"21","Brazil","076","BR","BRA","",""
"27","Bulgaria","100","BG","BGR","",""
"233","Burkina Faso","854","BF","BFA","",""
"29","Burundi","108","BI","BDI","",""
"35","Cabo Verde","132","CV","CPV","",""
"115","Cambodia","116","KH","KHM","",""
"32","Cameroon","120","CM","CMR","",""
"33","Canada","124","CA","CAN","",""
"37","Central African Republic","140","CF","CAF","",""
"39","Chad","148","TD","TCD","",""
"40","Chile","152","CL","CHL","",""
"351","China","159","F351","CHN","",""
"96","China, Hong Kong SAR","344","HK","HKG","",""
"128","China, Macao SAR","446","MO","MAC","",""
"41","China, mainland","156","CN","F41","",""
"214","China, Taiwan Province of","158","TW","TWN","",""
"44","Colombia","170","CO","COL","",""
"45","Comoros","174","KM","COM","",""
"46","Congo","178","CG","COG","",""
"48","Costa Rica","188","CR","CRI","",""
"107","Côte d'Ivoire","384","CI","CIV","",""
"98","Croatia","191","HR","HRV","1992",""
"49","Cuba","192","CU","CUB","",""
"50","Cyprus","196","CY","CYP","",""
"167","Czechia","203","CZ","CZE","1993",""
"51","Czechoslovakia","200","F51","F51","","1992"
"116","Democratic People's Republic of Korea","408","KP","PRK","",""
"250","Democratic Republic of the Congo","180","CD","COD","",""
"54","Denmark","208","DK","DNK","",""
"72","Djibouti","262","DJ","DJI","",""
"55","Dominica","212","DM","DMA","",""
"56","Dominican Republic","214","DO","DOM","",""
"58","Ecuador","218","EC","ECU","",""
"59","Egypt","818","EG","EGY","",""
"60","El Salvador","222","SV","SLV","",""
"63","Estonia","233","EE","EST","1992",""
"209","Eswatini","748","SZ","SWZ","",""
"238","Ethiopia","231","ET","ETH","1993",""
"62","Ethiopia PDR","230","F62","F62","","1992"
"66","Fiji","242","FJ","FJI","",""
"67","Finland","246","FI","FIN","",""
"68","France","250","FR","FRA","",""
"70","French Polynesia","258","PF","PYF","",""
"74","Gabon","266","GA","GAB","",""
"75","Gambia","270","GM","GMB","",""
"73","Georgia","268","GE","GEO","1992",""
"79","Germany","276","DE","DEU","",""
"81","Ghana","288","GH","GHA","",""
"84","Greece","300","GR","GRC","",""
"86","Grenada","308","GD","GRD","",""
"89","Guatemala","320","GT","GTM","",""
"90","Guinea","324","GN","GIN","",""
"175","Guinea-Bissau","624","GW","GNB","",""
"91","Guyana","328","GY","GUY","",""
"93","Haiti","332","HT","HTI","",""
"95","Honduras","340","HN","HND","",""
"97","Hungary","348","HU","HUN","",""
"99","Iceland","352","IS","ISL","",""
"100","India","356","IN","IND","",""
"101","Indonesia","360","ID","IDN","",""
"102","Iran (Islamic Republic of)","364","IR","IRN","",""
"103","Iraq","368","IQ","IRQ","",""
"104","Ireland","372","IE","IRL","",""
"105","Israel","376","IL","ISR","",""
"106","Italy","380","IT","ITA","",""
"109","Jamaica","388","JM","JAM","",""
"110","Japan","392","JP","JPN","",""
"112","Jordan","400","JO","JOR","",""
"108","Kazakhstan","398","KZ","KAZ","1992",""
"114","Kenya","404","KE","KEN","",""
"83","Kiribati","296","KI","KIR","",""
"118","Kuwait","414","KW","KWT","",""
"113","Kyrgyzstan","417","KG","KGZ","1992",""
"120","Lao People's Democratic Republic","418","LA","LAO","",""
"119","Latvia","428","LV","LVA","1992",""
"121","Lebanon","422","LB","LBN","",""
"122","Lesotho","426","LS","LSO","",""
"123","Liberia","430","LR","LBR","",""
"124","Libya","434","LY","LBY","",""
"126","Lithuania","440","LT","LTU","1992",""
"256","Luxembourg","442","LU","LUX","2000",""
"129","Madagascar","450","MG","MDG","",""
"130","Malawi","454","MW","MWI","",""
"131","Malaysia","458","MY","MYS","",""
"132","Maldives","462","MV","MDV","",""
"133","Mali","466","ML","MLI","",""
"134","Malta","470","MT","MLT","",""
"136","Mauritania","478","MR","MRT","",""
"137","Mauritius","480","MU","MUS","",""
"138","Mexico","484","MX","MEX","",""
"141","Mongolia","496","MN","MNG","",""
"273","Montenegro","499","ME","MNE","2006",""
"143","Morocco","504","MA","MAR","",""
"144","Mozambique","508","MZ","MOZ","",""
"28","Myanmar","104","MM","MMR","",""
"147","Namibia","516","NA","NAM","",""
"149","Nepal","524","NP","NPL","",""
"150","Netherlands","528","NL","NLD","",""
"151","Netherlands Antilles (former)","530","AN","ANT","","2010"
"153","New Caledonia","540","NC","NCL","",""
"156","New Zealand","554","NZ","NZL","",""
"157","Nicaragua","558","NI","NIC","",""
"158","Niger","562","NE","NER","",""
"159","Nigeria","566","NG","NGA","",""
"154","North Macedonia","807","MK","MKD","1992",""
"162","Norway","578","NO","NOR","",""
"221","Oman","512","OM","OMN","",""
"165","Pakistan","586","PK","PAK","",""
"166","Panama","591","PA","PAN","",""
"168","Papua New Guinea","598","PG","PNG","",""
"169","Paraguay","600","PY","PRY","",""
"170","Peru","604","PE","PER","",""
"171","Philippines","608","PH","PHL","",""
"173","Poland","616","PL","POL","",""
"174","Portugal","620","PT","PRT","",""
"117","Republic of Korea","410","KR","KOR","",""
"146","Republic of Moldova","498","MD","MDA","1992",""
"183","Romania","642","RO","ROU","",""
"185","Russian Federation","643","RU","RUS","1992",""
"184","Rwanda","646","RW","RWA","",""
"188","Saint Kitts and Nevis","659","KN","KNA","",""
"189","Saint Lucia","662","LC","LCA","",""
"191","Saint Vincent and the Grenadines","670","VC","VCT","",""
"244","Samoa","882","WS","WSM","",""
"193","Sao Tome and Principe","678","ST","STP","",""
"194","Saudi Arabia","682","SA","SAU","",""
"195","Senegal","686","SN","SEN","",""
"272","Serbia","688","RS","SRB","2006",""
"186","Serbia and Montenegro","891","CS","SCG","1992","2005"
"196","Seychelles","690","SC","SYC","",""
"197","Sierra Leone","694","SL","SLE","",""
"199","Slovakia","703","SK","SVK","1993",""
"198","Slovenia","705","SI","SVN","1992",""
"25","Solomon Islands","090","SB","SLB","",""
"202","South Africa","710","ZA","ZAF","",""
"203","Spain","724","ES","ESP","",""
"38","Sri Lanka","144","LK","LKA","",""
"276","Sudan","729","SD","SDN","2012",""
"207","Suriname","740","SR","SUR","",""
"210","Sweden","752","SE","SWE","",""
"211","Switzerland","756","CH","CHE","",""
"212","Syrian Arab Republic","760","SY","SYR","",""
"208","Tajikistan","762","TJ","TJK","1992",""
"216","Thailand","764","TH","THA","",""
"176","Timor-Leste","626","TL","TLS","",""
"217","Togo","768","TG","TGO","",""
"220","Trinidad and Tobago","780","TT","TTO","",""
"222","Tunisia","788","TN","TUN","",""
"223","Türkiye","792","TR","TUR","",""
"213","Turkmenistan","795","TM","TKM","1992",""
"226","Uganda","800","UG","UGA","",""
"230","Ukraine","804","UA","UKR","1992",""
"225","United Arab Emirates","784","AE","ARE","",""
"229","United Kingdom of Great Britain and Northern Ireland","826","GB","GBR","",""
"215","United Republic of Tanzania","834","TZ","TZA","",""
"231","United States of America","840","US","USA","",""
"234","Uruguay","858","UY","URY","",""
"228","USSR","810","F228","F228","","1991"
"235","Uzbekistan","860","UZ","UZB","1992",""
"155","Vanuatu","548","VU","VUT","",""
"236","Venezuela (Bolivarian Republic of)","862","VE","VEN","",""
"237","Viet Nam","704","VN","VNM","",""
"249","Yemen","887","YE","YEM","",""
"248","Yugoslav SFR","890","F248","F248","","1991"
"251","Zambia","894","ZM","ZMB","",""
"181","Zimbabwe","716","ZW","ZWE","",""
"5000","World","001","F5000","X01","",""
"5100","Africa","002","F5100","X06","",""
"5101","Eastern Africa","014","F5101","F5101","",""
"5102","Middle Africa","017","F5102","F5102","",""
"5103","Northern Africa","015","F5103","F5103","",""
"5104","Southern Africa","018","F5104","F5104","",""
"5105","Western Africa","011","F5105","F5105","",""
"5200","Americas","019","F5200","X21","",""
"5203","Northern America","021","F5203","F5203","",""
"5204","Central America","013","F5204","F5204","",""
"5206","Caribbean","029","F5206","F5206","",""
"5207","South America","005","F5207","F5207","",""
"5300","Asia","142","F5300","F5300","",""
"5301","Central Asia","143","F5301","F5301","",""
"5302","Eastern Asia","030","F5302","F5302","",""
"5303","Southern Asia","034","F5303","F5303","",""
"5304","South-eastern Asia","035","F5304","F5304","",""
"5305","Western Asia","145","F5305","F5305","",""
"5400","Europe","150","F5400","F5400","",""
"5401","Eastern Europe","151","F5401","F5401","",""
"5402","Northern Europe","154","F5402","F5402","",""
"5403","Southern Europe","039","F5403","F5403","",""
"5404","Western Europe","155","F5404","F5404","",""
"5500","Oceania","009","F5500","F5500","",""
"5501","Australia and New Zealand","053","F5501","F5501","",""
"5502","Melanesia","054","F5502","F5502","",""
"5503","Micronesia","057","F5503","F5503","",""
"5504","Polynesia","061","F5504","F5504","",""
"5707","European Union (27)","097","F5707","F5707","",""
"5801","Least Developed Countries","199","F5801","F5801","",""
"5802","Land Locked Developing Countries","432","F5802","F5802","",""
"5803","Small Island Developing States","722","F5803","F5803","",""
"5815","Low Income Food Deficit Countries","901","F5815","F5815","",""
"5817","Net Food Importing Developing Countries","902","F5817","F5817","",""
